-- phpMyAdmin SQL Dump
-- version 5.0.4
-- https://www.phpmyadmin.net/
--
-- Host: 127.0.0.1
-- Generation Time: Dec 22, 2020 at 04:16 PM
-- Server version: 10.4.16-MariaDB
-- PHP Version: 7.4.12

SET SQL_MODE = "NO_AUTO_VALUE_ON_ZERO";
START TRANSACTION;
SET time_zone = "+00:00";


/*!40101 SET @OLD_CHARACTER_SET_CLIENT=@@CHARACTER_SET_CLIENT */;
/*!40101 SET @OLD_CHARACTER_SET_RESULTS=@@CHARACTER_SET_RESULTS */;
/*!40101 SET @OLD_COLLATION_CONNECTION=@@COLLATION_CONNECTION */;
/*!40101 SET NAMES utf8mb4 */;

--
-- Database: `db_banhang`
--

-- --------------------------------------------------------

--
-- Table structure for table `bills`
--

CREATE TABLE `bills` (
  `id` int(10) UNSIGNED NOT NULL,
  `id_customer` int(11) DEFAULT NULL,
  `date_order` date DEFAULT NULL,
  `total` float DEFAULT NULL COMMENT 'tổng tiền',
  `payment` varchar(200) CHARACTER SET utf8 COLLATE utf8_unicode_ci DEFAULT NULL COMMENT 'hình thức thanh toán',
  `note` varchar(500) CHARACTER SET utf8 COLLATE utf8_unicode_ci DEFAULT NULL,
  `created_at` timestamp NULL DEFAULT current_timestamp() ON UPDATE current_timestamp(),
  `updated_at` timestamp NULL DEFAULT current_timestamp()
) ENGINE=MyISAM DEFAULT CHARSET=latin1;

--
-- Dumping data for table `bills`
--

INSERT INTO `bills` (`id`, `id_customer`, `date_order`, `total`, `payment`, `note`, `created_at`, `updated_at`) VALUES
(14, 14, '2017-03-23', 160000, 'COD', 'k', '2017-03-23 04:46:05', '2017-03-23 04:46:05'),
(13, 13, '2017-03-21', 400000, 'ATM', 'Vui lòng giao hàng trước 5h', '2017-03-21 07:29:31', '2017-03-21 07:29:31'),
(12, 12, '2017-03-21', 520000, 'COD', 'Vui lòng chuyển đúng hạn', '2017-03-21 07:20:07', '2017-03-21 07:20:07'),
(11, 11, '2017-03-21', 420000, 'COD', 'không chú', '2017-03-21 07:16:09', '2017-03-21 07:16:09'),
(15, 15, '2017-03-24', 220000, 'COD', 'e', '2017-03-24 07:14:32', '2017-03-24 07:14:32');

-- --------------------------------------------------------

--
-- Table structure for table `bill_detail`
--

CREATE TABLE `bill_detail` (
  `id` int(10) UNSIGNED NOT NULL,
  `id_bill` int(10) NOT NULL,
  `id_product` int(10) NOT NULL,
  `quantity` int(11) NOT NULL COMMENT 'số lượng',
  `unit_price` double NOT NULL,
  `created_at` timestamp NOT NULL DEFAULT current_timestamp() ON UPDATE current_timestamp(),
  `updated_at` timestamp NOT NULL DEFAULT '0000-00-00 00:00:00'
) ENGINE=MyISAM DEFAULT CHARSET=latin1;

--
-- Dumping data for table `bill_detail`
--

INSERT INTO `bill_detail` (`id`, `id_bill`, `id_product`, `quantity`, `unit_price`, `created_at`, `updated_at`) VALUES
(18, 15, 62, 5, 220000, '2017-03-24 07:14:32', '2017-03-24 07:14:32'),
(17, 14, 2, 1, 160000, '2017-03-23 04:46:05', '2017-03-23 04:46:05'),
(16, 13, 60, 1, 200000, '2017-03-21 07:29:31', '2017-03-21 07:29:31'),
(15, 13, 59, 1, 200000, '2017-03-21 07:29:31', '2017-03-21 07:29:31'),
(14, 12, 60, 2, 200000, '2017-03-21 07:20:07', '2017-03-21 07:20:07'),
(13, 12, 61, 1, 120000, '2017-03-21 07:20:07', '2017-03-21 07:20:07'),
(12, 11, 61, 1, 120000, '2017-03-21 07:16:09', '2017-03-21 07:16:09'),
(11, 11, 57, 2, 150000, '2017-03-21 07:16:09', '2017-03-21 07:16:09');

-- --------------------------------------------------------

--
-- Table structure for table `customer`
--

CREATE TABLE `customer` (
  `id` int(10) UNSIGNED NOT NULL,
  `name` varchar(100) COLLATE utf8_unicode_ci NOT NULL,
  `gender` varchar(10) COLLATE utf8_unicode_ci NOT NULL,
  `email` varchar(50) COLLATE utf8_unicode_ci NOT NULL,
  `address` varchar(100) COLLATE utf8_unicode_ci NOT NULL,
  `phone_number` varchar(20) COLLATE utf8_unicode_ci NOT NULL,
  `note` varchar(200) COLLATE utf8_unicode_ci NOT NULL,
  `created_at` timestamp NOT NULL DEFAULT current_timestamp() ON UPDATE current_timestamp(),
  `updated_at` timestamp NOT NULL DEFAULT current_timestamp()
) ENGINE=MyISAM DEFAULT CHARSET=utf8 COLLATE=utf8_unicode_ci;

--
-- Dumping data for table `customer`
--

INSERT INTO `customer` (`id`, `name`, `gender`, `email`, `address`, `phone_number`, `note`, `created_at`, `updated_at`) VALUES
(15, 'ê', 'Nữ', 'huongnguyen@gmail.com', 'e', 'e', 'e', '2017-03-24 07:14:32', '2017-03-24 07:14:32'),
(14, 'hhh', 'nam', 'huongnguyen@gmail.com', 'Lê thị riêng', '99999999999999999', 'k', '2017-03-23 04:46:05', '2017-03-23 04:46:05'),
(13, 'Hương Hương', 'Nữ', 'huongnguyenak96@gmail.com', 'Lê Thị Riêng, Quận 1', '23456789', 'Vui lòng giao hàng trước 5h', '2017-03-21 07:29:31', '2017-03-21 07:29:31'),
(12, 'Khoa phạm', 'Nam', 'khoapham@gmail.com', 'Lê thị riêng', '1234567890', 'Vui lòng chuyển đúng hạn', '2017-03-21 07:20:07', '2017-03-21 07:20:07'),
(11, 'Hương Hương', 'Nữ', 'huongnguyenak96@gmail.com', 'Lê Thị Riêng, Quận 1', '234567890-', 'không chú', '2017-03-21 07:16:09', '2017-03-21 07:16:09');

-- --------------------------------------------------------

--
-- Table structure for table `failed_jobs`
--

CREATE TABLE `failed_jobs` (
  `id` bigint(20) UNSIGNED NOT NULL,
  `uuid` varchar(255) COLLATE utf8mb4_unicode_ci NOT NULL,
  `connection` text COLLATE utf8mb4_unicode_ci NOT NULL,
  `queue` text COLLATE utf8mb4_unicode_ci NOT NULL,
  `payload` longtext COLLATE utf8mb4_unicode_ci NOT NULL,
  `exception` longtext COLLATE utf8mb4_unicode_ci NOT NULL,
  `failed_at` timestamp NOT NULL DEFAULT current_timestamp()
) ENGINE=InnoDB DEFAULT CHARSET=utf8mb4 COLLATE=utf8mb4_unicode_ci;

-- --------------------------------------------------------

--
-- Table structure for table `migrations`
--

CREATE TABLE `migrations` (
  `id` int(10) UNSIGNED NOT NULL,
  `migration` varchar(255) COLLATE utf8mb4_unicode_ci NOT NULL,
  `batch` int(11) NOT NULL
) ENGINE=InnoDB DEFAULT CHARSET=utf8mb4 COLLATE=utf8mb4_unicode_ci;

--
-- Dumping data for table `migrations`
--

INSERT INTO `migrations` (`id`, `migration`, `batch`) VALUES
(1, '2014_10_12_000000_create_users_table', 1),
(2, '2014_10_12_100000_create_password_resets_table', 1),
(3, '2019_08_19_000000_create_failed_jobs_table', 1),
(4, '2020_12_21_104331_vp_categories', 1);

-- --------------------------------------------------------

--
-- Table structure for table `news`
--

CREATE TABLE `news` (
  `id` int(10) NOT NULL,
  `title` varchar(200) CHARACTER SET utf8 COLLATE utf8_unicode_ci NOT NULL COMMENT 'tiêu đề',
  `content` text CHARACTER SET utf8 COLLATE utf8_unicode_ci NOT NULL COMMENT 'nội dung',
  `image` varchar(100) CHARACTER SET utf8 COLLATE utf8_unicode_ci NOT NULL COMMENT 'hình',
  `create_at` timestamp NOT NULL DEFAULT current_timestamp() ON UPDATE current_timestamp(),
  `update_at` timestamp NOT NULL DEFAULT '0000-00-00 00:00:00'
) ENGINE=MyISAM DEFAULT CHARSET=utf8;

--
-- Dumping data for table `news`
--

INSERT INTO `news` (`id`, `title`, `content`, `image`, `create_at`, `update_at`) VALUES
(1, 'Mùa trung thu năm nay, Hỷ Lâm Môn muốn gửi đến quý khách hàng sản phẩm mới xuất hiện lần đầu tiên tại Việt nam \"Bánh trung thu Bơ Sữa HongKong\".', 'Những ý tưởng dưới đây sẽ giúp bạn sắp xếp tủ quần áo trong phòng ngủ chật hẹp của mình một cách dễ dàng và hiệu quả nhất. ', 'sample1.jpg', '2017-03-11 06:20:23', '0000-00-00 00:00:00'),
(2, 'Tư vấn cải tạo phòng ngủ nhỏ sao cho thoải mái và thoáng mát', 'Chúng tôi sẽ tư vấn cải tạo và bố trí nội thất để giúp phòng ngủ của chàng trai độc thân thật thoải mái, thoáng mát và sáng sủa nhất. ', 'sample2.jpg', '2016-10-20 02:07:14', '0000-00-00 00:00:00'),
(3, 'Đồ gỗ nội thất và nhu cầu, xu hướng sử dụng của người dùng', 'Đồ gỗ nội thất ngày càng được sử dụng phổ biến nhờ vào hiệu quả mà nó mang lại cho không gian kiến trúc. Xu thế của các gia đình hiện nay là muốn đem thiên nhiên vào nhà ', 'sample3.jpg', '2016-10-20 02:07:14', '0000-00-00 00:00:00'),
(4, 'Hướng dẫn sử dụng bảo quản đồ gỗ, nội thất.', 'Ngày nay, xu hướng chọn vật dụng làm bằng gỗ để trang trí, sử dụng trong văn phòng, gia đình được nhiều người ưa chuộng và quan tâm. Trên thị trường có nhiều sản phẩm mẫu ', 'sample4.jpg', '2016-10-20 02:07:14', '0000-00-00 00:00:00'),
(5, 'Phong cách mới trong sử dụng đồ gỗ nội thất gia đình', 'Đồ gỗ nội thất gia đình ngày càng được sử dụng phổ biến nhờ vào hiệu quả mà nó mang lại cho không gian kiến trúc. Phong cách sử dụng đồ gỗ hiện nay của các gia đình hầu h ', 'sample5.jpg', '2016-10-20 02:07:14', '0000-00-00 00:00:00');

-- --------------------------------------------------------

--
-- Table structure for table `password_resets`
--

CREATE TABLE `password_resets` (
  `email` varchar(255) COLLATE utf8mb4_unicode_ci NOT NULL,
  `token` varchar(255) COLLATE utf8mb4_unicode_ci NOT NULL,
  `created_at` timestamp NULL DEFAULT NULL
) ENGINE=InnoDB DEFAULT CHARSET=utf8mb4 COLLATE=utf8mb4_unicode_ci;

-- --------------------------------------------------------

--
-- Table structure for table `products`
--

CREATE TABLE `products` (
  `id` int(10) UNSIGNED NOT NULL,
  `name` varchar(100) COLLATE utf8_unicode_ci DEFAULT NULL,
  `id_type` int(10) UNSIGNED DEFAULT NULL,
  `description` text COLLATE utf8_unicode_ci DEFAULT NULL,
  `unit_price` float DEFAULT NULL,
  `promotion_price` float DEFAULT NULL,
  `image` varchar(255) COLLATE utf8_unicode_ci DEFAULT NULL,
  `unit` varchar(255) COLLATE utf8_unicode_ci DEFAULT NULL,
  `new` tinyint(4) DEFAULT 0,
  `created_at` timestamp NULL DEFAULT NULL,
  `updated_at` timestamp NULL DEFAULT NULL
) ENGINE=InnoDB DEFAULT CHARSET=utf8 COLLATE=utf8_unicode_ci;

--
-- Dumping data for table `products`
--

INSERT INTO `products` (`id`, `name`, `id_type`, `description`, `unit_price`, `promotion_price`, `image`, `unit`, `new`, `created_at`, `updated_at`) VALUES
(1, 'Rau cải ngồng', 1, 'Rau sạch theo tiêu chuẩn VietGap', 23000, 20000, '1.jpg', 'kg', 1, '2016-10-26 03:00:16', '2016-10-24 22:11:00'),
(2, 'Rau mồng tơi', 1, '', 23000, 0, '2.jpg', 'kg', 0, '2016-10-26 03:00:16', '2016-10-24 22:11:00'),
(3, 'Susu', 1, '', 16000, 0, '3.jpg', 'kg', 0, '2016-10-26 03:00:16', '2016-10-24 22:11:00'),
(4, 'Bí đỏ', 1, '', 11900, 0, '4.jpg', 'kg', 1, '2016-10-26 03:00:16', '2016-10-24 22:11:00'),
(5, 'Khoai tây', 1, '', 25000, 22900, '5.jpg', 'kg', 0, '2016-10-26 03:00:16', '2016-10-24 22:11:00'),
(6, 'Dưa chuột', 1, '', 18000, 17500, '6.jpg', 'kg', 0, '2016-10-26 03:00:16', '2016-10-24 22:11:00'),
(7, 'Bắp cải tím', 1, '', 28000, 0, '7.jpg', 'kg', 1, '2016-10-12 02:00:00', '2016-10-27 02:24:00'),
(8, 'Bưởi Năm Roi', 2, '', 55800, 54500, '8.jpg', 'kg', 0, '2016-10-12 02:00:00', '2016-10-27 02:24:00'),
(9, '\r\nLê đỏ Nam Phi', 2, '', 89000, 85000, '9.jpg', 'kg', 1, '2016-10-12 02:00:00', '2016-10-27 02:24:00'),
(10, '\r\nDưa hấu', 2, '', 11000, 10000, '10.jpg', 'kg', 1, '2016-10-12 02:00:00', '2016-10-27 02:24:00'),
(11, 'Thanh long', 2, '', 25000, 24000, '11.jpg', 'kg', 0, '2016-10-12 02:00:00', '2016-10-27 02:24:00'),
(12, 'Táo đỏ Mỹ', 2, '', 25000, 0, '12.jpg', 'kg', 1, '2016-10-13 02:20:00', '2016-10-19 03:20:00'),
(13, 'Đu đủ ', 2, '', 15000, 0, '13.jpg', 'kg', 0, '2016-10-13 02:20:00', '2016-10-19 03:20:00'),
(14, 'Cá chép', 3, ' ', 58000, 55000, '14.jpg', 'kg', 1, '2020-11-12 15:18:07', '2020-11-11 17:00:00'),
(15, 'Cá diêu hồng', 3, NULL, 75000, 73000, '15.jpg', 'kg', 0, '2020-11-12 15:22:30', '2020-11-12 15:23:27'),
(16, 'Cá rô phi', 3, NULL, 40000, 0, '16.jpg', 'kg', 1, NULL, NULL),
(17, 'Cá nheo', 3, NULL, 66000, 0, '18.jpg', 'kg', 1, NULL, NULL),
(18, 'Cá quả', 3, NULL, 90000, 85000, '19.jpg', 'kg', 0, NULL, NULL),
(19, 'Cá mè ta', 3, NULL, 15000, 0, '17.jpg', 'kg', 1, NULL, NULL),
(20, 'Cá song', 3, NULL, 290000, 285000, '20.jpg', 'kg', 0, NULL, NULL),
(21, 'Kem chiên', 4, NULL, 15000, 12000, '21.jpg', 'hộp', 1, NULL, NULL),
(22, 'Kem mochi', 4, NULL, 10000, NULL, '22.jpg', 'hộp', 0, NULL, NULL),
(23, 'Kem Gelato', 4, NULL, 50000, NULL, '23.jpg', 'hộp', 0, NULL, NULL),
(24, 'Kem phô mai', 4, NULL, 60000, 55000, '24.jpg', 'hộp', 1, NULL, NULL),
(25, 'Kem gừng', 4, NULL, 30000, 28000, '25.jpg', 'hộp', 0, NULL, NULL),
(26, 'Kem bỏng  ngô', 4, NULL, 30000, NULL, '26.jpg', 'hộp', 1, NULL, NULL),
(27, 'Kem bánh cá', 4, NULL, 10000, NULL, '27.jpg', 'hộp', 1, NULL, NULL),
(28, 'Kem bánh trứng', 4, NULL, 20000, 18000, '28.jpg', 'hộp', 0, NULL, NULL),
(29, 'Coca Cola', 7, NULL, 8000, NULL, '29.jpg', 'lon', 1, NULL, NULL),
(30, 'Pessi', 7, NULL, 7800, NULL, '30.jpg', 'lon', 0, NULL, NULL),
(31, 'Nước trà xanh 0 độ', 7, NULL, 7500, NULL, '31.jpg', 'lon', 0, NULL, NULL),
(32, 'Trà xanh C2', 7, NULL, 7000, NULL, '32.jpg', 'lon', 1, NULL, NULL),
(33, '7up', 7, NULL, 6500, 6000, '34.jpg', 'lon', 0, NULL, NULL),
(34, 'Nước cam ép Twister', 7, NULL, 9000, 8500, '33.jpg', 'lon', 1, NULL, NULL),
(35, 'Nước ngọt sting', 7, NULL, 8500, 8000, '35.jpg', 'lon', 1, NULL, NULL),
(36, 'Sữa PediaSure', 6, NULL, 540000, NULL, '36.jpg', 'hộp', 0, NULL, NULL),
(37, 'Kendamil', 6, NULL, 290000, 260000, '37.jpg', 'hộp', 0, NULL, NULL),
(38, 'Sữa Glico', 6, NULL, 600000, NULL, '38.jpg', 'hộp', 1, NULL, NULL),
(39, 'Sữa Optimom Gold', 6, NULL, 300000, 290000, '39.jpg', 'hộp', 0, NULL, NULL),
(40, 'Sữa Riso Opti Gold', 6, NULL, 300000, 280000, '40.jpg', 'hộp', 1, NULL, NULL),
(41, 'Sữa tăng cân Biomil', 6, NULL, 475000, NULL, '41.jpg', 'hộp', 0, NULL, NULL),
(42, 'Sữa Nutrient Kid', 6, NULL, 320000, 310000, '42.jpg', 'hộp', 0, NULL, NULL),
(43, ' Sữa Kidtalen', 6, NULL, 330000, NULL, '43.jpg', 'hộp', 1, NULL, NULL);

-- --------------------------------------------------------

--
-- Table structure for table `slide`
--

CREATE TABLE `slide` (
  `id` int(11) NOT NULL,
  `link` varchar(100) NOT NULL,
  `image` varchar(100) NOT NULL
) ENGINE=InnoDB DEFAULT CHARSET=utf8;

--
-- Dumping data for table `slide`
--

INSERT INTO `slide` (`id`, `link`, `image`) VALUES
(1, '', 'banner1.jpg'),
(2, '', 'banner2.jpg'),
(3, '', 'banner3.jpg'),
(4, '', 'banner4.jpg');

-- --------------------------------------------------------

--
-- Table structure for table `type_products`
--

CREATE TABLE `type_products` (
  `id` int(10) UNSIGNED NOT NULL,
  `name` varchar(100) COLLATE utf8_unicode_ci NOT NULL,
  `description` text COLLATE utf8_unicode_ci NOT NULL,
  `image` varchar(255) COLLATE utf8_unicode_ci NOT NULL,
  `created_at` timestamp NULL DEFAULT NULL,
  `updated_at` timestamp NULL DEFAULT NULL
) ENGINE=InnoDB DEFAULT CHARSET=utf8 COLLATE=utf8_unicode_ci;

--
-- Dumping data for table `type_products`
--

INSERT INTO `type_products` (`id`, `name`, `description`, `image`, `created_at`, `updated_at`) VALUES
(1, 'Rau củ quả', 'Nếu từng bị mê hoặc bởi các loại tarlet ngọt thì chắn chắn bạn không thể bỏ qua những loại tarlet mặn. Ngoài hình dáng bắt mắt, lớp vở bánh giòn giòn cùng với nhân mặn như thịt gà, nấm, thị heo ,… của bánh sẽ chinh phục bất cứ ai dùng thử.', 'tivi.jpg', NULL, NULL),
(2, 'Trái cây', 'Bánh ngọt là một loại thức ăn thường dưới hình thức món bánh dạng bánh mì từ bột nhào, được nướng lên dùng để tráng miệng. Bánh ngọt có nhiều loại, có thể phân loại dựa theo nguyên liệu và kỹ thuật chế biến như bánh ngọt làm từ lúa mì, bơ, bánh ngọt dạng bọt biển. Bánh ngọt có thể phục vụ những mục đính đặc biệt như bánh cưới, bánh sinh nhật, bánh Giáng sinh, bánh Halloween..', 'laptop.jpg', '2016-10-12 02:16:15', '2016-10-13 01:38:35'),
(3, 'Cá tươi', 'Bánh trái cây, hay còn gọi là bánh hoa quả, là một món ăn chơi, không riêng gì của Huế nhưng khi \"lạc\" vào mảnh đất Cố đô, món bánh này dường như cũng mang chút tinh tế, cầu kỳ và đặc biệt. Lấy cảm hứng từ những loại trái cây trong vườn, qua bàn tay khéo léo của người phụ nữ Huế, món bánh trái cây ra đời - ngọt thơm, dịu nhẹ làm đẹp lòng biết bao người thưởng thức.', 'smartphon.jpg', '2016-10-18 00:33:33', '2016-10-15 07:25:27'),
(4, 'Bánh kem', 'Với người Việt Nam thì bánh ngọt nói chung đều hay được quy về bánh bông lan – một loại tráng miệng bông xốp, ăn không hoặc được phủ kem lên thành bánh kem. Tuy nhiên, cốt bánh kem thực ra có rất nhiều loại với hương vị, kết cấu và phương thức làm khác nhau chứ không chỉ đơn giản là “bánh bông lan” chung chung đâu nhé!', 'ao.jpg', '2016-10-26 03:29:19', '2016-10-26 02:22:22'),
(5, 'Kim chi', 'Crepe là một món bánh nổi tiếng của Pháp, nhưng từ khi du nhập vào Việt Nam món bánh đẹp mắt, ngon miệng này đã làm cho biết bao bạn trẻ phải “xiêu lòng”', 'tulanh.jpg', '2016-10-28 04:00:00', '2016-10-27 04:00:23'),
(6, 'Sữa ', 'Pizza đã không chỉ còn là một món ăn được ưa chuộng khắp thế giới mà còn được những nhà cầm quyền EU chứng nhận là một phần di sản văn hóa ẩm thực châu Âu. Và để được chứng nhận là một nhà sản xuất pizza không hề đơn giản. Người ta phải qua đủ mọi các bước xét duyệt của chính phủ Ý và liên minh châu Âu nữa… tất cả là để đảm bảo danh tiếng cho món ăn này.', 'noicom.jpg', '2016-10-25 17:19:00', NULL),
(7, 'Nước ngọt', 'Bánh su kem là món bánh ngọt ở dạng kem được làm từ các nguyên liệu như bột mì, trứng, sữa, bơ.... đánh đều tạo thành một hỗn hợp và sau đó bằng thao tác ép và phun qua một cái túi để định hình thành những bánh nhỏ và cuối cùng được nướng chín. Bánh su kem có thể thêm thành phần Sô cô la để tăng vị hấp dẫn. Bánh có xuất xứ từ nước Pháp.', 'cap.jpg', '2016-10-25 17:19:00', NULL);

-- --------------------------------------------------------

--
-- Table structure for table `users`
--

CREATE TABLE `users` (
  `id` bigint(20) UNSIGNED NOT NULL,
  `name` varchar(255) COLLATE utf8mb4_unicode_ci NOT NULL,
  `email` varchar(255) COLLATE utf8mb4_unicode_ci NOT NULL,
  `email_verified_at` timestamp NULL DEFAULT NULL,
  `password` varchar(255) COLLATE utf8mb4_unicode_ci NOT NULL,
  `remember_token` varchar(100) COLLATE utf8mb4_unicode_ci DEFAULT NULL,
  `created_at` timestamp NULL DEFAULT NULL,
  `updated_at` timestamp NULL DEFAULT NULL
) ENGINE=InnoDB DEFAULT CHARSET=utf8mb4 COLLATE=utf8mb4_unicode_ci;

-- --------------------------------------------------------

--
-- Table structure for table `vp_categories`
--

CREATE TABLE `vp_categories` (
  `cate_id` int(10) UNSIGNED NOT NULL,
  `cate_name` varchar(255) COLLATE utf8mb4_unicode_ci NOT NULL,
  `cate_slug` varchar(255) COLLATE utf8mb4_unicode_ci NOT NULL,
  `created_at` timestamp NULL DEFAULT NULL,
  `updated_at` timestamp NULL DEFAULT NULL
) ENGINE=InnoDB DEFAULT CHARSET=utf8mb4 COLLATE=utf8mb4_unicode_ci;

--
-- Dumping data for table `vp_categories`
--

INSERT INTO `vp_categories` (`cate_id`, `cate_name`, `cate_slug`, `created_at`, `updated_at`) VALUES
(1, 'Rau củ quả', 'rau-cu-qua', NULL, NULL),
(2, 'Trái cây', 'trai-cay', NULL, NULL);

--
-- Indexes for dumped tables
--

--
-- Indexes for table `bills`
--
ALTER TABLE `bills`
  ADD PRIMARY KEY (`id`),
  ADD KEY `bills_ibfk_1` (`id_customer`);

--
-- Indexes for table `bill_detail`
--
ALTER TABLE `bill_detail`
  ADD PRIMARY KEY (`id`),
  ADD KEY `bill_detail_ibfk_2` (`id_product`);

--
-- Indexes for table `customer`
--
ALTER TABLE `customer`
  ADD PRIMARY KEY (`id`);

--
-- Indexes for table `failed_jobs`
--
ALTER TABLE `failed_jobs`
  ADD PRIMARY KEY (`id`),
  ADD UNIQUE KEY `failed_jobs_uuid_unique` (`uuid`);

--
-- Indexes for table `migrations`
--
ALTER TABLE `migrations`
  ADD PRIMARY KEY (`id`);

--
-- Indexes for table `news`
--
ALTER TABLE `news`
  ADD PRIMARY KEY (`id`);

--
-- Indexes for table `password_resets`
--
ALTER TABLE `password_resets`
  ADD KEY `password_resets_email_index` (`email`);

--
-- Indexes for table `products`
--
ALTER TABLE `products`
  ADD PRIMARY KEY (`id`),
  ADD KEY `products_id_type_foreign` (`id_type`);

--
-- Indexes for table `slide`
--
ALTER TABLE `slide`
  ADD PRIMARY KEY (`id`);

--
-- Indexes for table `type_products`
--
ALTER TABLE `type_products`
  ADD PRIMARY KEY (`id`);

--
-- Indexes for table `users`
--
ALTER TABLE `users`
  ADD PRIMARY KEY (`id`),
  ADD UNIQUE KEY `users_email_unique` (`email`);

--
-- Indexes for table `vp_categories`
--
ALTER TABLE `vp_categories`
  ADD PRIMARY KEY (`cate_id`);

--
-- AUTO_INCREMENT for dumped tables
--

--
-- AUTO_INCREMENT for table `bills`
--
ALTER TABLE `bills`
  MODIFY `id` int(10) UNSIGNED NOT NULL AUTO_INCREMENT, AUTO_INCREMENT=16;

--
-- AUTO_INCREMENT for table `bill_detail`
--
ALTER TABLE `bill_detail`
  MODIFY `id` int(10) UNSIGNED NOT NULL AUTO_INCREMENT, AUTO_INCREMENT=19;

--
-- AUTO_INCREMENT for table `customer`
--
ALTER TABLE `customer`
  MODIFY `id` int(10) UNSIGNED NOT NULL AUTO_INCREMENT, AUTO_INCREMENT=16;

--
-- AUTO_INCREMENT for table `failed_jobs`
--
ALTER TABLE `failed_jobs`
  MODIFY `id` bigint(20) UNSIGNED NOT NULL AUTO_INCREMENT;

--
-- AUTO_INCREMENT for table `migrations`
--
ALTER TABLE `migrations`
  MODIFY `id` int(10) UNSIGNED NOT NULL AUTO_INCREMENT, AUTO_INCREMENT=5;

--
-- AUTO_INCREMENT for table `products`
--
ALTER TABLE `products`
  MODIFY `id` int(10) UNSIGNED NOT NULL AUTO_INCREMENT, AUTO_INCREMENT=65;

--
-- AUTO_INCREMENT for table `slide`
--
ALTER TABLE `slide`
  MODIFY `id` int(11) NOT NULL AUTO_INCREMENT, AUTO_INCREMENT=5;

--
-- AUTO_INCREMENT for table `type_products`
--
ALTER TABLE `type_products`
  MODIFY `id` int(10) UNSIGNED NOT NULL AUTO_INCREMENT, AUTO_INCREMENT=8;

--
-- AUTO_INCREMENT for table `users`
--
ALTER TABLE `users`
  MODIFY `id` bigint(20) UNSIGNED NOT NULL AUTO_INCREMENT;

--
-- AUTO_INCREMENT for table `vp_categories`
--
ALTER TABLE `vp_categories`
  MODIFY `cate_id` int(10) UNSIGNED NOT NULL AUTO_INCREMENT, AUTO_INCREMENT=3;

--
-- Constraints for dumped tables
--

--
-- Constraints for table `products`
--
ALTER TABLE `products`
  ADD CONSTRAINT `products_id_type_foreign` FOREIGN KEY (`id_type`) REFERENCES `type_products` (`id`);
COMMIT;

/*!40101 SET CHARACTER_SET_CLIENT=@OLD_CHARACTER_SET_CLIENT */;
/*!40101 SET CHARACTER_SET_RESULTS=@OLD_CHARACTER_SET_RESULTS */;
/*!40101 SET COLLATION_CONNECTION=@OLD_COLLATION_CONNECTION */;
